{
    "metrics": {
        "mse": 1.0366142788598154e-07,
        "rmse": 0.00032196493702940643,
        "mae": 0.0002623143373057246,
        "r2": 0.9999999160150207,
        "explained_variance": 0.9999999403953552,
        "max_error": 0.0005813837051391602,
        "mape": 0.00010060091881314293,
        "medae": 0.00028061866760253906,
        "msle": 9.34102484251298e-09,
        "rmsle": 9.664897515904158e-05
    },
    "error_stats": {
        "mean": 5.198661528993398e-05,
        "std": 0.00031774022500030696,
        "min": -0.00028061866760253906,
        "max": 0.0005813837051391602,
        "median": -2.2411346435546875e-05,
        "skewness": 0.43450045784264085,
        "kurtosis": -1.4149499915546233
    },
    "pred_stats": {
        "true_mean": 3.5592873096466064,
        "true_std": 1.110983967781067,
        "pred_mean": 3.5593392848968506,
        "pred_std": 1.1108081340789795,
        "true_median": 4.0,
        "pred_median": 3.9997193813323975
    },
    "error_percentiles": {
        "p10": -0.00028061866760253906,
        "p25": -0.00028061866760253906,
        "p50": -2.2411346435546875e-05,
        "p75": 0.00046133995056152344,
        "p90": 0.00046133995056152344
    },
    "accuracy_ranges": {
        "within_0.5": 1.0,
        "within_1.0": 1.0,
        "within_1.5": 1.0
    }
}