Metric,Value
mse,1.0366142788598154e-07
rmse,0.00032196493702940643
mae,0.0002623143373057246
r2,0.9999999160150207
explained_variance,0.9999999403953552
max_error,0.0005813837051391602
mape,0.00010060091881314293
medae,0.00028061866760253906
msle,9.34102484251298e-09
rmsle,9.664897515904158e-05
