age_group,avg_rating,wasserstein_dist
18-25,3.470565483097393,0.05929451690260665
>50,3.683548318883485,0.15368831888348483
26-35,3.49795941829051,0.031900581709490075
36-50,3.5729034307496823,0.04304343074968234
<18,3.5522292993630575,0.09706611464968151
