,mean_rating,std_rating,wasserstein_distance
young,3.5077412868632707,1.159607791305741,0.5321380697050936
middle,3.536189040505883,1.1054015805782182,0.5971847530296208
old,3.642421040272396,1.0659293591576373,0.7620406246330866
